title,play,评论率,author_name
【乘风2026】总决赛-《想见你想见你想见你》张月&陈瑶 愿所有想念都能在我们的歌声里靠岸,1624825,0.05146400381579555,张月ZhangYue
《我落泪情绪零碎》,1242804,0.017199815900174123,王濛
歌剧老师锐评《歌手2026》第六期（下）,515085,0.015444052923303921,铁豆钢蛋
护士姐姐：学吧，这就是商务枪法.丨《内脏医生》02,59892,0.014993655246109664,小熊flippy
《崩坏：星穹铁道》寰宇漫游变奏：「知更鸟•晴歌」,2011991,0.013501551448291767,崩坏星穹铁道
《崩坏：星穹铁道》寰宇漫游变奏：「砂金•戏浪」,1514200,0.01257957997622507,崩坏星穹铁道
赛后情书：营销大王日本队32强出局，安切洛蒂正反手教育森保一巴西赢麻了！,371056,0.010718058729679618,HC王楚淇
《赛博朋克：边缘行者 2》｜官方预告片,1054297,0.009280117462157247,CD_PROJEKT
兜 帽 难 藏 泪 4,317928,0.007652676077602476,sss技巧吐槽
高考没带准考证请直接拉到工厂，给《翘楚》《炽夏》走个面儿,153904,0.0076151367085975676,蜡笔小坨恰恰恰
