title,play,互动总分,author_name
护士姐姐：学吧，这就是商务枪法.丨《内脏医生》02,59892,0.5794346490349296,小熊flippy
兜 帽 难 藏 泪 4,317928,0.4287543091517576,sss技巧吐槽
《五十六个民族，五十六只噶》终极典藏版,210960,0.3919131588926811,皮蛋瘦肉粥煎鸡蛋
致敬！中国首批缉毒警已全体退休,1570391,0.3778215106938336,央视新闻
《原神》角色预告-「桑多涅：致新生」,1267615,0.34743238286072664,原神
只用赏心悦目的忍者上段！#4,311507,0.32883049177065043,赵小天咯
脑瘫挑战麒麟臂吃果冻,246065,0.3180094690427326,阿呆去流浪
鼠鼠的火腾龙，变成了爸妈的空调,484378,0.2898129147071089,沉剑o
都盲，盲点好啊,352771,0.2724572031147685,高斯Goh
找到了10年前跪舔b站的视频,12233582,0.2569493137823411,逗比的雀巢
