title,play,点赞率,author_name
致敬！中国首批缉毒警已全体退休,1570391,0.19229351161589694,央视新闻
兜 帽 难 藏 泪 4,317928,0.1786756749955965,sss技巧吐槽
脑瘫挑战麒麟臂吃果冻,246065,0.1732143945705403,阿呆去流浪
护士姐姐：学吧，这就是商务枪法.丨《内脏医生》02,59892,0.16983904361183463,小熊flippy
【原神幼儿园】草神的拼音课,303492,0.167447576871878,原神幼儿园-持续更新
《五十六个民族，五十六只噶》终极典藏版,210960,0.1661926431551005,皮蛋瘦肉粥煎鸡蛋
被诋毁的“三系杂交稻”到底有多牛？看懂它才能看懂中国饭碗【主播说三农】,1182473,0.14999158543154897,央视农业
《原神》角色预告-「桑多涅：致新生」,1267615,0.14569644568737353,原神
这个男人他来了…,1484953,0.12444636294886101,啊费定格动画
父母催婚话术是如何做到全国统一的,1308395,0.1219967976031703,菜包豆本豆
